time,label,confidence
2025-12-16 23:08:59.734146,Early Blight,0.9315113425254822
